{"cameraMode":{"drawMode":0,"name":"Shaded","section":"Shading Mode"},"sceneLighting":true,"audioPlay":false,"sceneViewState":{"m_AlwaysRefresh":false,"showFog":true,"showSkybox":true,"showFlares":true,"showImageEffects":true,"showParticleSystems":true,"showVisualEffectGraphs":true,"m_FxEnabled":true},"in2DMode":false,"pivot":{"x":-3.6452291011810304,"y":0.1712632179260254,"z":-14.851277351379395},"rotation":{"x":-0.12073102593421936,"y":0.11201822012662888,"z":-0.01371387392282486,"w":-0.9862431287765503},"size":5.079608917236328,"orthographic":false}